day,kosakata,hiragana,arti,contoh1,arti_contoh1,contoh2,arti_contoh2
1,危[あぶ]ない,,BERBAHAYA,この道[みち]は危[あぶ]ないです。,JALAN INI BERBAHAYA。,危[あぶ]ない場所[ばしょ]に行[い]かないでください。,JANGAN PERGI KE TEMPAT YANG BERBAHAYA。
1,明[あか]るい,,TERANG; CERIA,この部屋[へや]は明[あか]るいです。,KAMAR INI TERANG。,明[あか]るい人[ひと]が好[す]きです。,SAYA MENYUKAI ORANG YANG CERIA。
1,飽[あ]きっぽい,,MUDAH BOSAN,私[わたし]は飽[あ]きっぽい性格[せいかく]です。,SAYA MEMILIKI SIFAT YANG MUDAH BOSAN。,彼[かれ]は飽[あ]きっぽいので、趣味[しゅみ]がよく変[か]わります。,"KARENA DIA MUDAH BOSAN, HOBINYA SERING BERUBAH。"
1,青[あお]白[じろ]い,,PUCAT,彼[かれ]の顔[かお]は青[あお]白[じろ]いです。,WAJAHNYA PUCAT。,彼女[かのじょ]は急[きゅう]に顔[かお]が青[あお]白[じろ]くなりました。,WAJAHNYA TIBA-TIBA MENJADI PUCAT。
1,荒[あら]い,,KASAR; BERGELOMBANG,今日[きょう]は海[うみ]の波[なみ]が荒[あら]いです。,HARI INI OMBAK DI LAUT BERGELOMBANG BESAR。,彼[かれ]は少[すこ]し言葉[ことば]が荒[あら]いです。,CARA BICARANYA SEDIKIT KASAR。
1,ありがたい,,BERSYUKUR; BERHARGA,手伝[てつだ]ってくれて、本当[ほんとう]にありがたいです。,SAYA SANGAT BERSYUKUR KARENA KAMU MEMBANTU。,先生[せんせい]の助[たす]けはありがたいです。,BANTUAN GURU SANGAT BERHARGA。
1,浅[あさ]い,,DANGKAL,この川[かわ]は浅[あさ]いです。,SUNGAI INI DANGKAL。,ここは水[みず]が浅[あさ]いので、安全[あんぜん]です。,"KARENA AIR DI SINI DANGKAL, TEMPAT INI AMAN。"
1,温[あたた]かい,,HANGAT,温[あたた]かいお茶[ちゃ]を飲[の]みます。,SAYA MINUM TEH HANGAT。,母[はは]が温[あたた]かい料理[りょうり]を作[つく]りました。,IBU MEMBUAT MASAKAN HANGAT。
1,暖[あたた]かい,,HANGAT,今日[きょう]は暖[あたた]かいです。,HARI INI HANGAT。,暖[あたた]かい春[はる]が好[す]きです。,SAYA MENYUKAI MUSIM SEMI YANG HANGAT。
1,熱[あつ]い,,PANAS,このスープは熱[あつ]いです。,SUP INI PANAS。,熱[あつ]いコーヒーを飲[の]みました。,SAYA MINUM KOPI PANAS。
1,暑[あつ]い,,PANAS,今日[きょう]はとても暑[あつ]いです。,HARI INI SANGAT PANAS。,暑[あつ]い日[ひ]は冷[つめ]たい水[みず]を飲[の]みます。,"PADA HARI YANG PANAS, SAYA MINUM AIR DINGIN。"
1,厚[あつ]い,,TEBAL,この本[ほん]は厚[あつ]いです。,BUKU INI TEBAL。,冬[ふゆ]は厚[あつ]い服[ふく]を着[き]ます。,"PADA MUSIM DINGIN, SAYA MEMAKAI PAKAIAN TEBAL。"
1,厚[あつ]かましい,,TIDAK TAHU MALU; TAK TAHU DIRI,彼[かれ]のお願[ねが]いは少[すこ]し厚[あつ]かましいです。,PERMINTAANNYA SEDIKIT TIDAK TAHU MALU。,厚[あつ]かましい人[ひと]になりたくありません。,SAYA TIDAK INGIN MENJADI ORANG YANG TIDAK TAHU MALU。
1,慌[あわただ]しい,,SIBUK; TERGESA-GESA,朝[あさ]はいつも慌[あわただ]しいです。,PAGI HARI SELALU SIBUK DAN TERGESA-GESA。,今週[こんしゅう]は慌[あわただ]しい毎日[まいにち]です。,MINGGU INI HARI-HARI SAYA SANGAT SIBUK。
1,怪[あや]しい,,MENCURIGAKAN; ANEH,あの人[ひと]は少[すこ]し怪[あや]しいです。,ORANG ITU SEDIKIT MENCURIGAKAN。,怪[あや]しいメールを開[ひら]かないでください。,JANGAN MEMBUKA EMAIL YANG MENCURIGAKAN。
1,ばかばかしい,,KONYOL; BODOH; MENGGELIKAN,そんなばかばかしい話[はなし]は信[しん]じません。,SAYA TIDAK PERCAYA CERITA KONYOL SEPERTI ITU。,ばかばかしいことで喧嘩[けんか]しないでください。,JANGAN BERTENGKAR KARENA HAL YANG KONYOL。
1,馬鹿[ばか]らしい,,KONYOL; BODOH; MENGGELIKAN,馬鹿[ばか]らしい質問[しつもん]をしました。,SAYA MENGAJUKAN PERTANYAAN YANG KONYOL。,そんな馬鹿[ばか]らしい話[はなし]は聞[き]きたくありません。,SAYA TIDAK INGIN MENDENGAR CERITA KONYOL SEPERTI ITU。
1,茶[ちゃ]色[いろ]い,,BERWARNA COKELAT,私[わたし]は茶[ちゃ]色[いろ]い靴[くつ]を持[も]っています。,SAYA MEMILIKI SEPATU BERWARNA COKELAT。,茶[ちゃ]色[いろ]い犬[いぬ]がいます。,ADA ANJING BERWARNA COKELAT。
1,だらしない,,CEROBOR; TIDAK RAPI; TIDAK DISIPLIN,部屋[へや]がだらしないです。,KAMAR SANGAT TIDAK RAPI。,だらしない生活[せいかつ]を直[なお]したいです。,SAYA INGIN MEMPERBAIKI KEHIDUPAN YANG TIDAK TERATUR。
1,偉[えら]い,,HEBAT; LUAR BIASA,毎日[まいにち]勉強[べんきょう]するのは偉[えら]いです。,BELAJAR SETIAP HARI ITU HEBAT。,一人[ひとり]で宿題[しゅくだい]をしたので、偉[えら]いですね。,"KARENA KAMU MENGERJAKAN PEKERJAAN RUMAH SENDIRI, KAMU HEBAT。"
2,深[ふか]い,,DALAM,この湖[みずうみ]は深[ふか]いです。,DANAU INI DALAM。,深[ふか]い眠[ねむ]りについています。,SEDANG TIDUR NYENYAK。
2,我慢[がまん]強[づよ]い,,SABAR; TABAH,彼[かれ]はとても我慢[がまん]強[づよ]い人[ひと]です。,DIA ADALAH ORANG YANG SANGAT SABAR。,我慢[がまん]強[づよ]く仕事[しごと]を続[つづ]けました。,SAYA MELANJUTKAN PEKERJAAN DENGAN SABAR。
2,激[はげ]しい,,HEBAT; SENGIT; KERAS,雨[あめ]が激[はげ]しく降[ふ]っています。,HUJAN TURUN DENGAN SANGAT DERAS。,二人[ふたり]は激[はげ]しく議論[ぎろん]しました。,KEDUA ORANG ITU BERDEBAT DENGAN SENGIT。
2,酷[ひど]い,,KEJAM; PARAH,今日[きょう]の雨[あめ]は酷[ひど]いです。,HUJAN HARI INI SANGAT PARAH。,それは酷[ひど]い話[はなし]です。,ITU ADALAH CERITA YANG KEJAM。
2,低[ひく]い,,RENDAH,この机[つくえ]は低[ひく]いです。,MEJA INI RENDAH。,彼[かれ]の声[こえ]は低[ひく]いです。,SUARANYA RENDAH。
2,等[ひと]しい,,SAMA; SETARA,二人[ふたり]の力[ちから]は等[ひと]しいです。,KEKUATAN MEREKA BERDUA SAMA。,全[すべ]ての人[ひと]は等[ひと]しく扱[あつか]われるべきです。,SEMUA ORANG SEHARUSNYA DIPERLAKUKAN SECARA SETARA。
2,勢[いきお]い,,KUAT; BERSEMANGAT,水[みず]が勢[いきお]いよく出[で]ています。,AIR KELUAR DENGAN DERAS。,勢[いきお]いよくドアを開[あ]けました。,SAYA MEMBUKA PINTU DENGAN KUAT。
2,勇[いさ]ましい,,BERANI; GAGAH,彼[かれ]は勇[いさ]ましい人[ひと]です。,DIA ADALAH ORANG YANG BERANI。,勇[いさ]ましい姿[すがた]に感動[かんどう]しました。,SAYA TERHARU MELIHAT SOSOK YANG GAGAH ITU。
2,痛[いた]い,,SAKIT,頭[あたま]が痛[いた]いです。,KEPALA SAYA SAKIT。,足[あし]が痛[いた]くて歩[ある]けません。,"KARENA KAKI SAYA SAKIT, SAYA TIDAK BISA BERJALAN。"
2,愛[いと]しい,,TERSAYANG; TERCINTA,私[わたし]にとって家族[かぞく]は愛[いと]しい存在[そんざい]です。,"BAGI SAYA, KELUARGA ADALAH KEBERADAAN YANG SANGAT TERSAYANG。",愛[いと]しい子供[こども]の写真[しゃしん]を見[み]ました。,SAYA MELIHAT FOTO ANAK YANG SANGAT SAYA SAYANGI。
2,かっこいい,,KEREN; GAGAH,あの車[くるま]はかっこいいです。,MOBIL ITU KEREN。,彼[かれ]は本当[ほんとう]にかっこいいですね。,DIA BENAR-BENAR KEREN。
2,かっこ悪[わる]い,,TIDAK KEREN; MEMALUKAN,人前[ひとまえ]で転[ころ]んで、かっこ悪[わる]かったです。,SAYA JATUH DI DEPAN ORANG BANYAK DAN ITU MEMALUKAN。,そんなかっこ悪[わる]いことはしたくありません。,SAYA TIDAK INGIN MELAKUKAN HAL YANG MEMALUKAN SEPERTI ITU。
2,辛[から]い,,PEDAS,このカレーは辛[から]いです。,KARI INI PEDAS。,辛[から]い食[た]べ物[もの]が好[す]きです。,SAYA MENYUKAI MAKANAN PEDAS。
2,軽[かる]い,,RINGAN,この箱[はこ]は軽[かる]いです。,KOTAK INI RINGAN。,軽[かる]い荷物[にもつ]を持[も]ちます。,SAYA MEMBAWA BARANG BAWAAN YANG RINGAN。
2,賢[かしこ]い,,PINTAR; BIJAK,あの子[こ]はとても賢[かしこ]いです。,ANAK ITU SANGAT PINTAR。,賢[かしこ]い選[えら]び方[かた]をしてください。,TOLONG BUAT PILIHAN YANG BIJAK。
2,硬[かた]い / 固[かた]い,,KERAS,このパンは硬[かた]いです。,ROTI INI KERAS。,この瓶[びん]のふたは固[かた]いです。,TUTUP BOTOL INI SANGAT KENCANG。
2,可愛[かわい]い,,LUCU; MENGGEMASKAN,この猫[ねこ]は可愛[かわい]いです。,KUCING INI LUCU。,可愛[かわい]い服[ふく]を買[か]いました。,SAYA MEMBELI PAKAIAN YANG LUCU。
2,可愛[かわい]らしい,,LUCU; MANIS; MENGGEMASKAN,可愛[かわい]らしい花[はな]ですね。,BUNGANYA LUCU DAN MANIS YA。,彼女[かのじょ]は可愛[かわい]らしい笑顔[えがお]をしています。,DIA MEMILIKI SENYUM YANG MANIS。
2,痒[かゆ]い,,GATAL,手[て]が痒[かゆ]いです。,TANGAN SAYA GATAL。,虫[むし]に刺[さ]されて、足[あし]が痒[かゆ]いです。,"KARENA DIGIGIT SERANGGA, KAKI SAYA GATAL。"
2,煙[けむ]い,,PENUH ASAP; BERASAP,この部屋[へや]は煙[けむ]いです。,KAMAR INI PENUH ASAP。,煙[けむ]くて目[め]が痛[いた]いです。,"KARENA BERASAP, MATA SAYA SAKIT。"
3,険[けわ]しい,,CURAM; TERJAL,この山[やま]は険[けわ]しいです。,GUNUNG INI TERJAL。,険[けわ]しい道[みち]を歩[ある]きました。,SAYA BERJALAN DI JALAN YANG TERJAL。
3,気[き]が小[ちい]さい,,PENAKUT; TIDAK PERCAYA DIRI,私[わたし]は少[すこ]し気[き]が小[ちい]さいです。,SAYA SEDIKIT PENAKUT。,気[き]が小[ちい]さいので、人前[ひとまえ]で話[はな]すのが苦手[にがて]です。,"KARENA SAYA KURANG PERCAYA DIRI, SAYA TIDAK PANDAI BERBICARA DI DEPAN ORANG BANYAK。"
3,気[き]が強[つよ]い,,BERKEMAUAN KUAT; TEGAS,彼女[かのじょ]は気[き]が強[つよ]いです。,DIA MEMILIKI KEPRIBADIAN YANG KUAT。,気[き]が強[つよ]い人[ひと]は自分[じぶん]の意見[いけん]をはっきり言[い]います。,ORANG YANG BERKARAKTER KUAT MENYATAKAN PENDAPATNYA DENGAN JELAS。
3,気[き]が弱[よわ]い,,PENAKUT; BERMENTAL LEMAH,彼[かれ]は気[き]が弱[よわ]いです。,DIA MUDAH GENTAR。,気[き]が弱[よわ]くて、断[ことわ]ることができません。,"KARENA SAYA TIDAK TEGAS, SAYA TIDAK BISA MENOLAK。"
3,黄[き]色[いろ]い,,BERWARNA KUNING,黄[き]色[いろ]い花[はな]が咲[さ]いています。,BUNGA KUNING SEDANG MEKAR。,黄[き]色[いろ]い車[くるま]を見[み]ました。,SAYA MELIHAT MOBIL BERWARNA KUNING。
3,気持[きも]ちいい,,NYAMAN; ENAK,今日[きょう]の風[かぜ]は気持[きも]ちいいです。,ANGIN HARI INI TERASA NYAMAN。,朝[あさ]に散歩[さんぽ]すると気持[きも]ちいいです。,BERJALAN-JALAN PADA PAGI HARI TERASA MENYENANGKAN。
3,気持[きも]ち悪[わる]い,,TIDAK ENAK; MENJIJIKKAN,この匂[にお]いは気持[きも]ち悪[わる]いです。,BAU INI MENJIJIKKAN。,食[た]べ過[す]ぎて気持[きも]ち悪[わる]いです。,"KARENA MAKAN TERLALU BANYAK, SAYA MERASA MUAL。"
3,きつい,,KETAT; BERAT; KERAS,この靴[くつ]は少[すこ]しきついです。,SEPATU INI SEDIKIT KESEMPITAN。,今日[きょう]の仕事[しごと]はきついです。,PEKERJAAN HARI INI BERAT。
3,濃[こ]い,,KENTAL; PEKAT,このコーヒーは濃[こ]いです。,KOPI INI PEKAT。,味[あじ]が濃[こ]い料理[りょうり]が好[す]きです。,SAYA MENYUKAI MASAKAN DENGAN RASA YANG KUAT。
3,恋[こい]しい,,RINDU,家族[かぞく]が恋[こい]しいです。,SAYA RINDU KELUARGA。,日本[にほん]の友達[ともだち]が恋[こい]しくなりました。,SAYA MENJADI RINDU KEPADA TEMAN DI JEPANG。
3,心細[こころぼそ]い,,MERASA TIDAK TENANG; MERASA KESEPIAN,一人[ひとり]なので心細[こころぼそ]いです。,"KARENA SENDIRIAN, SAYA MERASA TIDAK TENANG。",知[し]っている人[ひと]がいなくて、心細[こころぼそ]かったです。,"KARENA TIDAK ADA ORANG YANG SAYA KENAL, SAYA MERASA CEMAS DAN KESEPIAN。"
3,快[こころよ]い,,MENYENANGKAN; NYAMAN,快[こころよ]い風[かぜ]が吹[ふ]いています。,ANGIN YANG MENYENANGKAN SEDANG BERTIUP。,快[こころよ]く手伝[てつだ]ってくれました。,DIA DENGAN SENANG HATI MEMBANTU SAYA。
3,細[こま]かい,,KECIL; RINCI,細[こま]かい字[じ]が読[よ]めません。,SAYA TIDAK BISA MEMBACA TULISAN YANG KECIL。,細[こま]かい説明[せつめい]をしてください。,TOLONG BERIKAN PENJELASAN YANG RINCI。
3,怖[こわ]い,,MENAKUTKAN,この映画[えいが]は怖[こわ]いです。,FILM INI MENAKUTKAN。,犬[いぬ]が怖[こわ]いです。,SAYA TAKUT ANJING。
3,下[くだ]らない,,TIDAK BERGUNA; SEPELE,下[くだ]らないことで怒[おこ]らないでください。,JANGAN MARAH KARENA HAL SEPELE。,そんな下[くだ]らない話[はなし]はやめましょう。,MARI BERHENTI MEMBICARAKAN HAL SEPELE SEPERTI ITU。
3,諄[くど]い,,BERTELE-TELE; TERLALU BERULANG,同[おな]じ話[はなし]を何度[なんど]もすると諄[くど]いです。,"JIKA TERUS MENGULANG CERITA YANG SAMA, ITU MENJADI MEMBOSANKAN。",彼[かれ]の説明[せつめい]は少[すこ]し諄[くど]いです。,PENJELASANNYA SEDIKIT BERTELE-TELE。
3,暗[くら]い,,GELAP; SURAM,この部屋[へや]は暗[くら]いです。,KAMAR INI GELAP。,夜[よる]になると道[みち]が暗[くら]くなります。,"KETIKA MALAM TIBA, JALAN MENJADI GELAP。"
3,臭[くさ]い,,BAU,この靴下[くつした]は臭[くさ]いです。,KAUS KAKI INI BAU。,ごみが臭[くさ]いので、外[そと]に出[だ]しました。,"KARENA SAMPAH BERBAU, SAYA MEMBAWANYA KELUAR。"
3,詳[くわ]しい,,RINCI; MENGETAHUI DENGAN BAIK,詳[くわ]しい説明[せつめい]を聞[き]きました。,SAYA MENDENGAR PENJELASAN YANG RINCI。,彼[かれ]は日本[にほん]の歴史[れきし]に詳[くわ]しいです。,DIA SANGAT MENGETAHUI SEJARAH JEPANG。
3,眩[まぶ]しい,,SILAU,太陽[たいよう]の光[ひかり]が眩[まぶ]しいです。,CAHAYA MATAHARI SANGAT SILAU。,外[そと]が眩[まぶ]しくて目[め]を開[あ]けられません。,DI LUAR SANGAT SILAU SEHINGGA SAYA TIDAK BISA MEMBUKA MATA。
4,丸[まる]い,,BULAT,このテーブルは丸[まる]いです。,MEJA INI BULAT。,丸[まる]い石[いし]を見[み]つけました。,SAYA MENEMUKAN BATU BULAT。
4,まずい,,TIDAK ENAK; BURUK,この料理[りょうり]はまずいです。,MASAKAN INI TIDAK ENAK。,今[いま]はまずい状況[じょうきょう]です。,SEKARANG SITUASINYA BURUK。
4,貧[まず]しい,,MISKIN,貧[まず]しい家庭[かてい]で育[そだ]ちました。,SAYA TUMBUH DI KELUARGA YANG MISKIN。,貧[まず]しい生活[せいかつ]をしている人[ひと]を助[たす]けたいです。,SAYA INGIN MEMBANTU ORANG YANG HIDUP DALAM KEMISKINAN。
4,めでたい,,MENGGEMBIRAKAN; PENUH KEBERUNTUNGAN,今日はめでたい日[ひ]です。,HARI INI ADALAH HARI YANG MENGGEMBIRAKAN。,結婚[けっこん]はめでたい出来事[できごと]です。,PERNIKAHAN ADALAH PERISTIWA YANG MENGGEMBIRAKAN。
4,見[み]っともない,,MEMALUKAN; TIDAK PANTAS,人前[ひとまえ]でそんな見[み]っともないことをしないでください。,JANGAN MELAKUKAN HAL YANG MEMALUKAN SEPERTI ITU DI DEPAN ORANG BANYAK。,見[み]っともない服装[ふくそう]だと思[おも]われたくありません。,SAYA TIDAK INGIN DIANGGAP MEMILIKI PENAMPILAN YANG MEMALUKAN。
4,ものすごい,,LUAR BIASA; SANGAT HEBAT,今日[きょう]はものすごく暑[あつ]いです。,HARI INI SANGAT PANAS。,ものすごい速[はや]さで走[はし]っています。,DIA BERLARI DENGAN KECEPATAN YANG LUAR BIASA。
4,もったいない,,SAYANG; SIA-SIA,食[た]べ物[もの]を捨[す]てるのはもったいないです。,MEMBUANG MAKANAN ADALAH TINDAKAN YANG SIA-SIA。,まだ使[つか]えるのに、もったいないです。,"PADAHAL MASIH BISA DIGUNAKAN, SAYANG SEKALI。"
4,蒸[む]し暑[あつ]い,,PANAS DAN LEMBAB,今日[きょう]は蒸[む]し暑[あつ]いです。,HARI INI PANAS DAN LEMBAB。,夏[なつ]の夜[よる]は蒸[む]し暑[あつ]いです。,MALAM MUSIM PANAS PANAS DAN LEMBAB。
4,何気[なにげ]ない,,TIDAK DISENGAJA; BIASA SAJA,彼[かれ]の何気[なにげ]ない言葉[ことば]に傷[きず]つきました。,SAYA TERLUKA OLEH UCAPANNYA YANG TIDAK DISENGAJA。,何気[なにげ]ない毎日[まいにち]が幸[しあわ]せです。,HARI-HARI YANG BIASA SAJA ADALAH KEBAHAGIAAN。
4,懐[なつ]かしい,,NOSTALGIA; RINDU MASA LALU,この歌[うた]を聞[き]くと懐[なつ]かしいです。,"KETIKA MENDENGAR LAGU INI, SAYA MERASA NOSTALGIA。",昔[むかし]の写真[しゃしん]を見[み]て懐[なつ]かしくなりました。,SAYA MENJADI RINDU MASA LALU SETELAH MELIHAT FOTO LAMA。
4,粘[ねば]り強[づよ]い,,TEKUN; PANTANG MENYERAH,彼[かれ]は粘[ねば]り強[づよ]い人[ひと]です。,DIA ADALAH ORANG YANG PANTANG MENYERAH。,粘[ねば]り強[づよ]く練習[れんしゅう]してください。,TOLONG BERLATIH DENGAN TEKUN。
4,鈍[にぶ]い,,TUMPUL; LAMBAT,この包丁[ほうちょう]は鈍[にぶ]いです。,PISAU DAPUR INI TUMPUL。,彼[かれ]は反応[はんのう]が鈍[にぶ]いです。,REAKSINYA LAMBAT。
4,憎[にく]らしい,,MENYEBALKAN; MENJENGKELKAN,あの子[こ]は時々[ときどき]憎[にく]らしいです。,ANAK ITU TERKADANG MENYEBALKAN。,彼[かれ]の憎[にく]らしい態度[たいど]に腹[はら]が立[た]ちました。,SAYA MENJADI KESAL TERHADAP SIKAPNYA YANG MENYEBALKAN。
4,のろい,,LAMBAT,このパソコンは動[うご]きがのろいです。,KOMPUTER INI BERJALAN LAMBAT。,彼[かれ]は歩[ある]くのがのろいです。,DIA BERJALAN DENGAN LAMBAT。
4,ぬるい,,HANGAT-HANGAT KUKU,お茶[ちゃ]がぬるいです。,TEH INI HANGAT-HANGAT KUKU。,ぬるい水[みず]で手[て]を洗[あら]いました。,SAYA MENCUCI TANGAN DENGAN AIR HANGAT-HANGAT KUKU。
4,可笑[おか]しい,,ANEH; LUCU,彼[かれ]の話[はなし]は可笑[おか]しいです。,CERITANYA LUCU。,何[なに]か可笑[おか]しいと思[おも]います。,SAYA RASA ADA SESUATU YANG ANEH。
4,思[おも]いがけない,,TIDAK TERDUGA,思[おも]いがけないプレゼントをもらいました。,SAYA MENDAPATKAN HADIAH YANG TIDAK TERDUGA。,思[おも]いがけない場所[ばしょ]で友達[ともだち]に会[あ]いました。,SAYA BERTEMU TEMAN DI TEMPAT YANG TIDAK TERDUGA。
4,幼[おさな]い,,MASIH KECIL; KEKANAK-KANAKAN,幼[おさな]い子供[こども]が遊[あそ]んでいます。,ANAK KECIL SEDANG BERMAIN。,幼[おさな]い頃[ころ]の夢[ゆめ]を覚[おぼ]えています。,SAYA MASIH MENGINGAT MIMPI MASA KECIL SAYA。
4,惜[お]しい,,SAYANG; DISAYANGKAN,もう少[すこ]しで成功[せいこう]だったので、惜[お]しかったです。,"SAYANG SEKALI, PADAHAL HAMPIR BERHASIL。",この試合[しあい]は惜[お]しかったです。,SANGAT DISAYANGKAN DALAM PERTANDINGAN INI。
4,恐[おそ]ろしい,,MENAKUTKAN; MENGERIKAN,恐[おそ]ろしい話[はなし]を聞[き]きました。,SAYA MENDENGAR CERITA YANG MENGERIKAN。,それは恐[おそ]ろしい出来事[できごと]でした。,ITU ADALAH KEJADIAN YANG MENGERIKAN。
5,大人[おとな]しい,,PENURUT; TENANG,この犬[いぬ]は大人[おとな]しいです。,ANJING INI TENANG DAN PENURUT。,彼女[かのじょ]は子供[こども]の頃[ころ]から大人[おとな]しかったです。,DIA SEJAK KECIL ADALAH ANAK YANG TENANG。
5,寂[さび]しい,,KESEPIAN; SEPI,一人[ひとり]なので寂[さび]しいです。,"KARENA SENDIRIAN, SAYA MERASA KESEPIAN。",友達[ともだち]が帰[かえ]って寂[さび]しくなりました。,"SETELAH TEMAN SAYA PULANG, SAYA MENJADI KESEPIAN。"
5,寒[さむ]い,,DINGIN,今日[きょう]は寒[さむ]いです。,HARI INI DINGIN。,寒[さむ]い朝[あさ]にコートを着[き]ます。,"PADA PAGI YANG DINGIN, SAYA MEMAKAI MANTEL。"
5,狭[せま]い,,SEMPIT,この部屋[へや]は狭[せま]いです。,KAMAR INI SEMPIT。,狭[せま]い道[みち]を歩[ある]きました。,SAYA BERJALAN DI JALAN YANG SEMPIT。
5,切[せつ]ない,,MENYAYAT HATI; SEDIH,この歌[うた]を聞[き]くと切[せつ]ない気持[きも]ちになります。,"KETIKA MENDENGAR LAGU INI, SAYA MERASA SEDIH DAN TERHARU。",切[せつ]ない思[おも]い出[で]があります。,SAYA MEMILIKI KENANGAN YANG MENYAYAT HATI。
5,四角[しかく]い,,PERSEGI; BERBENTUK KOTAK,この箱[はこ]は四角[しかく]いです。,KOTAK INI BERBENTUK PERSEGI。,四角[しかく]いテーブルを買[か]いました。,SAYA MEMBELI MEJA BERBENTUK KOTAK。
5,仕方[しかた]ない,,TIDAK ADA PILIHAN; TIDAK BISA DIAPA-APAKAN,雨[あめ]なので、仕方[しかた]ないです。,"KARENA HUJAN, TIDAK ADA PILIHAN。",電車[でんしゃ]が来[こ]ないので、歩[ある]くしかありません。仕方[しかた]ないですね。,"KARENA KERETA TIDAK DATANG, TIDAK ADA PILIHAN SELAIN BERJALAN KAKI。"
5,塩辛[しおから]い,,ASIN,このスープは塩辛[しおから]いです。,SUP INI TERLALU ASIN。,塩辛[しおから]い食[た]べ物[もの]をあまり食[た]べません。,SAYA TIDAK TERLALU SERING MAKAN MAKANAN ASIN。
5,親[した]しい,,AKRAB,彼[かれ]は私[わたし]の親[した]しい友達[ともだち]です。,DIA ADALAH TEMAN DEKAT SAYA。,親[した]しい人[ひと]と話[はな]しました。,SAYA BERBICARA DENGAN ORANG YANG AKRAB DENGAN SAYA。
5,しつこい,,PERSISTEN; MENYEBALKAN KARENA TERUS-MENERUS,同[おな]じ質問[しつもん]を何度[なんど]もしないでください。しつこいです。,JANGAN TERUS-MENERUS MENANYAKAN PERTANYAAN YANG SAMA. ITU MENGGANGGU。,この汚[よご]れはしつこくて落[お]ちません。,NODA INI MEMBANDEL DAN TIDAK HILANG。
5,そそっかしい,,CEROBOR; TERGESA-GESA,私[わたし]は少[すこ]しそそっかしいです。,SAYA SEDIKIT CEROBOR。,そそっかしいので、よく物[もの]を忘[わす]れます。,"KARENA SAYA CEROBOR, SAYA SERING MELUPAKAN BARANG。"
5,騒々[そうぞう]しい,,BISING; RIBUT,外[そと]が騒々[そうぞう]しいです。,DI LUAR SANGAT BISING。,騒々[そうぞう]しい場所[ばしょ]では勉強[べんきょう]できません。,SAYA TIDAK BISA BELAJAR DI TEMPAT YANG BISING。
5,素晴[すば]らしい,,LUAR BIASA; INDAH,素晴[すば]らしい景色[けしき]ですね。,PEMANDANGANNYA LUAR BIASA YA。,あなたの日本語[にほんご]は素晴[すば]らしいです。,BAHASA JEPANG ANDA LUAR BIASA。
5,凄[すご]い,,HEBAT; LUAR BIASA,この映画[えいが]は凄[すご]いです。,FILM INI LUAR BIASA。,凄[すご]い速[はや]さで走[はし]っています。,DIA BERLARI DENGAN KECEPATAN YANG LUAR BIASA。
5,酸[す]っぱい,,ASAM,このレモンは酸[す]っぱいです。,LEMON INI ASAM。,酸[す]っぱい食[た]べ物[もの]が苦手[にがて]です。,SAYA TIDAK SUKA MAKANAN ASAM。
5,鋭[するど]い,,TAJAM,このナイフは鋭[するど]いです。,PISAU INI TAJAM。,彼[かれ]は鋭[するど]い質問[しつもん]をしました。,DIA MENGAJUKAN PERTANYAAN YANG TAJAM。
5,涼[すず]しい,,SEJUK,今日[きょう]は涼[すず]しいです。,HARI INI SEJUK。,涼[すず]しい風[かぜ]が吹[ふ]いています。,ANGIN SEJUK SEDANG BERTIUP。
5,堪[たま]らない,,TIDAK TERTAHANKAN; SANGAT,この匂[にお]いが堪[たま]らないです。,BAU INI TIDAK TERTAHANKAN。,お腹[なか]が空[す]いて堪[たま]らないです。,SAYA SANGAT LAPAR HINGGA TIDAK TERTAHANKAN。
5,とんでもない,,TIDAK MASUK AKAL; LUAR BIASA,とんでもない話[はなし]です。,ITU ADALAH CERITA YANG TIDAK MASUK AKAL。,「ありがとうございます」「とんでもないです」,"""TERIMA KASIH."" ""TIDAK PERLU BERTERIMA KASIH."""
5,遠[とお]い,,JAUH,駅[えき]はここから遠[とお]いです。,STASIUN JAUH DARI SINI。,遠[とお]い場所[ばしょ]に住[す]んでいます。,SAYA TINGGAL DI TEMPAT YANG JAUH。
6,冷[つめ]たい,,DINGIN,冷[つめ]たい水[みず]を飲[の]みます。,SAYA MINUM AIR DINGIN。,冬[ふゆ]の水[みず]はとても冷[つめ]たいです。,AIR PADA MUSIM DINGIN SANGAT DINGIN。
6,辛[つら]い,,BERAT; MENYAKITKAN,今[いま]は辛[つら]い時[とき]です。,SEKARANG ADALAH MASA YANG BERAT。,辛[つら]い経験[けいけん]をしました。,SAYA MENGALAMI PENGALAMAN YANG MENYAKITKAN。
6,美味[うま]い / 旨[うま]い,,ENAK; LEZAT,このラーメンは美味[うま]いです。,RAMEN INI ENAK。,この料理[りょうり]は旨[うま]いです。,MASAKAN INI LEZAT。
6,羨[うらや]ましい,,IRI; CEMBURU,日本[にほん]に住[す]んでいて羨[うらや]ましいです。,SAYA IRI KARENA KAMU TINGGAL DI JEPANG。,彼[かれ]の才能[さいのう]が羨[うらや]ましいです。,SAYA IRI DENGAN BAKATNYA。
6,嬉[うれ]しい,,SENANG; GEMBIRA,プレゼントをもらって嬉[うれ]しいです。,SAYA SENANG MENDAPATKAN HADIAH。,あなたに会[あ]えて嬉[うれ]しかったです。,SAYA SENANG BISA BERTEMU DENGAN ANDA。
6,煩[うるさ]い,,BERISIK; MENGGANGGU; CEREWET,この音[おと]は煩[うるさ]いです。,SUARA INI BERISIK。,外[そと]が煩[うるさ]くて眠[ねむ]れません。,DI LUAR BERISIK SEHINGGA SAYA TIDAK BISA TIDUR。
6,薄暗[うすぐら]い,,REMANG-REMANG,この部屋[へや]は薄暗[うすぐら]いです。,KAMAR INI REMANG-REMANG。,薄暗[うすぐら]い道[みち]を歩[ある]きました。,SAYA BERJALAN DI JALAN YANG REMANG-REMANG。
6,薄[うす]い,,TIPIS; PUCAT,この紙[かみ]は薄[うす]いです。,KERTAS INI TIPIS。,味[あじ]が薄[うす]いです。,RASANYA HAMBAR。
6,美[うつく]しい,,INDAH; CANTIK,この花[はな]は美[うつく]しいです。,BUNGA INI INDAH。,美[うつく]しい景色[けしき]を見[み]ました。,SAYA MELIHAT PEMANDANGAN YANG INDAH。
6,悪[わる]い,,BURUK; JELEK,今日[きょう]は天気[てんき]が悪[わる]いです。,CUACA HARI INI BURUK。,彼[かれ]は悪[わる]い人[ひと]ではありません。,DIA BUKAN ORANG YANG JAHAT。
6,喧[やかま]しい,,BERISIK; RIBUT,子供[こども]たちが喧[やかま]しいです。,ANAK-ANAK SANGAT RIBUT。,喧[やかま]しい場所[ばしょ]は苦手[にがて]です。,SAYA TIDAK SUKA TEMPAT YANG BERISIK。
6,優[やさ]しい,,BAIK HATI; LEMBUT,母[はは]は優[やさ]しいです。,IBU SAYA BAIK HATI。,優[やさ]しい先生[せんせい]が好[す]きです。,SAYA MENYUKAI GURU YANG BAIK HATI。
6,易[やさ]しい,,MUDAH,この問題[もんだい]は易[やさ]しいです。,SOAL INI MUDAH。,易[やさ]しい日本語[にほんご]で話[はな]してください。,TOLONG BERBICARA DENGAN BAHASA JEPANG YANG MUDAH。
6,安[やす]い,,MURAH,この店[みせ]は安[やす]いです。,TOKO INI MURAH。,安[やす]い服[ふく]を買[か]いました。,SAYA MEMBELI PAKAIAN YANG MURAH。
6,宜[よろ]しい,,BAIK; BOLEH,これで宜[よろ]しいですか。,APAKAH INI SUDAH BAIK?,こちらで宜[よろ]しいです。,YANG INI TIDAK MASALAH。
6,緩[ゆる]い,,LONGGAR,この服[ふく]は少[すこ]し緩[ゆる]いです。,PAKAIAN INI SEDIKIT LONGGAR。,靴[くつ]のひもが緩[ゆる]いです。,TALI SEPATU SAYA LONGGAR。
6,ずるい,,CURANG; LICIK,それはずるいです。,ITU CURANG。,ずるい方法[ほうほう]で勝[か]ちたくありません。,SAYA TIDAK INGIN MENANG DENGAN CARA YANG CURANG。
6,図々[ずうずう]しい,,TIDAK TAHU MALU; TIDAK TAHU DIRI,彼[かれ]は少[すこ]し図々[ずうずう]しいです。,DIA SEDIKIT TIDAK TAHU MALU。,図々[ずうずう]しいお願[ねが]いですが、手伝[てつだ]ってください。,"INI MEMANG PERMINTAAN YANG AGAK TIDAK ENAK, TETAPI TOLONG BANTU SAYA。"
